suburb_key,latitude,longitude
abbotsford,-37.8045508,144.9988542
airport west,-37.7222576,144.8834942
albury,-37.5442344,145.0076408
alexandra,-37.8212422,144.9736634
altona,-37.8671503,144.8294637
altona north,-37.8378229,144.8342853
ararat,-38.0625563,145.5506248
armadale,-37.8563442,145.0193207
armstrong creek,-37.6289691,145.8640385
ascot vale,-37.7753252,144.921825
avenel,-37.8958126,144.6304628
avoca,-37.6146532,145.0933095
ballarat,-37.8050281,144.9457629
bannockburn,-37.732231,145.1014989
beaufort,-38.0067519,145.1779706
benalla,-37.8059585,144.9432551
bendigo,-37.720574,145.047976
berwick,-38.0398297,145.3451089
black rock,-37.9706564,145.0212822
box hill south,-37.8366236,145.1233644
bright,-37.6245646,145.0136597
brighton,-37.9081962,144.9957991
brighton east,-37.9171728,145.0163663
broadford,-37.6362329,145.0265708
brunswick,-37.7664715,144.9613103
brunswick east,-37.7688802,144.9776825
bundoora,-37.6982468,145.0596757
camberwell,-37.8384623,145.0740767
campbellfield,-37.6641298,144.959583
camperdown,-37.764834,144.8219857
carlton,-37.8004228,144.9684343
caroline springs,-37.7340623,144.7370017
carrum downs,-38.1003312,145.1788657
castlemaine,-37.6303914,145.0273223
chadstone,-37.8822799,145.1001365
chelsea,-38.0497386,145.121407
cheltenham,-37.9670081,145.0546951
chirnside park,-37.9047634,144.6530424
city of casey,-38.0266156,145.3045626
clyde north,-38.1028681,145.3302814
cobblebank,-37.7125512,144.6040773
coburg,-37.7449752,144.9643314
coburg north,-37.7272635,144.9678538
cohuna,-37.7062908,144.8039161
colac,-38.0761008,145.1472438
coldstream,-37.7291014,145.378424
corio,-37.9623312,145.1346687
cowes,-37.7092585,144.7872516
cranbourne,-38.0997308,145.2807256
cranbourne west,-38.102241,145.2517182
creswick,-37.8191777,145.0167539
croydon,-37.7955004,145.2801507
curlewis,-37.8148997,145.1062282
dandenong,-37.98749,145.2147923
dandenong north,-37.9558319,145.2143234
dartmoor,-37.705345,144.6794568
daylesford,-37.627671,145.0254821
deer park,-37.7686602,144.7713077
derrimut,-37.7987978,144.776051
diamond creek,-37.6733272,145.1588075
dimboola,-37.6804576,144.9123982
dunkeld,-37.766817,144.8245105
echuca,-37.7821653,144.5503709
edenhope,-37.8054372,145.3280915
eltham,-37.713736,145.147673
epping,-37.6523847,145.0315487
euroa,-37.7639651,144.8287004
fawkner,-37.7146535,144.9605402
fishermans bend,-37.8245644,144.922933
flinders,-38.473312,145.0187057
forest hill,-37.8362738,145.1690911
foster,-37.5902461,144.9342136
frankston,-38.150925,145.142239
geelong,-37.8396934,145.008539
geelong west,-37.8054508,144.879879
glen waverley,-37.8795908,145.1622405
greensborough,-37.7037383,145.1079105
grovedale,-37.8171289,145.0949242
hamilton,-37.8758579,145.1284529
hampton,-37.9381127,145.0014764
harcourt,-37.8374349,145.1115353
harpley,-37.9110402,144.6113082
hastings,-38.3056058,145.1859934
hawthorn,-37.8244246,145.0317207
healsville,-37.6635261,145.4817549
heathcote,-37.7326399,144.733868
heidelberg,-37.7524788,145.0701284
hepburn springs,-37.7481414,144.739508
heyfield,-37.8237397,144.7132186
highton,-37.8163364,145.0687942
holbrook,-37.7702694,144.9361781
horsham,-38.102184,145.2949057
inglewood,-37.7924237,144.5498933
jerilderie,-38.0097571,145.326648
jindabyne,-37.6403391,145.084278
keilor downs,-37.7205762,144.8047614
kerang,-37.7200123,145.0271063
keysborough,-38.0053607,145.1674069
kilmore,-37.6750485,144.9242188
kilsyth south,-37.8315054,145.3110008
kyneton,-37.718862,145.0231115
lavington,-37.603329,144.9253134
leongatha,-38.1199326,145.3182716
lilydale,-37.7571582,145.3458656
lorne,-37.6734151,145.0272333
lynbrook,-38.0558639,145.2561128
macedon,-37.7726251,145.1131159
maffra,-37.6601922,144.9408062
malvern,-37.8576088,145.0350666
malvern east,-37.876835,145.0658739
marong,-37.793821,144.5506713
maryborough,-37.850401,144.5882783
melbourne,-37.8142454,144.9631732
meredith,-37.7657176,145.1589446
mickleham,-37.5344793,144.9120372
moe,-37.6132253,145.0980154
moonee ponds,-37.765935,144.9192614
moordialloc,-38.0102322,145.0929673
mooroopna,-37.7852115,144.5605697
mornington,-38.227699,145.0609375
nan,-37.8688729,145.2126338
newbridge,-37.9715559,145.124582
nhill,-37.6730847,144.9282577
oak park,-37.7180181,144.9215041
oakleigh south,-37.9248257,145.0921745
ocean grove,-38.170954,145.0972517
omeo,-37.8800365,144.6170498
orbost,-37.8379885,145.2121845
ovens,-37.8119107,144.8154073
point cook,-37.9064862,144.7533059
porepunkah,-37.5979507,145.0753657
port melbourne,-37.8333613,144.9219203
portland,-37.9359053,145.2051222
queenscliff,-38.3363033,144.7453366
richmond,-37.80745,144.9907213
ringwood,-37.8158726,145.2291113
rowville,-37.9239267,145.2447672
roxburgh park,-37.6381563,144.9353302
rye,-38.3821684,144.8099264
sale,-37.87076,145.65249
sandown,-37.9503548,145.1665966
sandringham,-37.9502592,145.0043868
sebastopol,-37.8709314,145.0193037
seymour,-38.0021533,145.0974829
shepparton,-37.7884948,144.5582739
south melbourne,-37.83344,144.9570533
southbank,-37.8253618,144.9640203
st arnaud,-37.792199,144.5486025
st kilda,-37.8638261,144.981637
stawell,-38.1087492,145.2895959
sunbury,-37.5791363,144.7279832
sunshine west,-37.7983442,144.8110919
sydenham,-37.6997223,144.7653295
tarneit,-37.8321522,144.69462
tatura,-38.1379689,145.1628252
trentham,-37.7000743,144.8908894
wallan,-37.5040691,145.1090152
wangaratta,-37.787905,144.5592084
warracknabeal,-37.7853138,144.5406661
warragul,-37.6694522,144.9350241
wedderburn,-37.7917062,144.5494853
weir views,-37.7323715,144.5708942
werribee,-37.907984,144.6416748
whittlesea,-37.5121301,145.1177321
wodonga,-37.6755673,144.9898056
woodend,-37.7934621,144.5595902
wycheproof,-37.5432106,145.0085889
yarck,-37.5772947,144.7161349
yarra glen,-37.6573475,145.3743964
yarra junction,-37.7821693,145.6150255
yarram,-38.1353489,145.1666795
yarrawonga,-37.9133914,145.1301259
yea,-37.4927455,145.1572676
